loss,grad_norm,learning_rate,entropy,num_tokens,mean_token_accuracy,epoch,step,eval_loss,eval_runtime,eval_samples_per_second,eval_steps_per_second,eval_entropy,eval_num_tokens,eval_mean_token_accuracy,train_runtime,train_samples_per_second,train_steps_per_second,total_flos,train_loss
2.297415008544922,1.921875,4.800000000000001e-06,1.4216827510297299,254976.0,0.5974722453206778,0.020942408376963352,25,,,,,,,,,,,,
2.0227862548828126,1.4375,9.800000000000001e-06,1.4761675971746444,510462.0,0.6422736436128617,0.041884816753926704,50,,,,,,,,,,,,
1.6843026733398438,1.0703125,1.48e-05,1.4669668725132943,759785.0,0.6997341307997703,0.06282722513089005,75,,,,,,,,,,,,
1.3476321411132812,0.69140625,1.98e-05,1.3004707309603691,1014549.0,0.7631451265513897,0.08376963350785341,100,,,,,,,,,,,,
1.0560811614990235,0.71484375,1.9976517906090528e-05,1.058001336455345,1254753.0,0.8143277472257614,0.10471204188481675,125,,,,,,,,,,,,
0.9232745361328125,0.455078125,1.9902238547215652e-05,0.8562972605228424,1523422.0,0.8463294734060764,0.1256544502617801,150,,,,,,,,,,,,
0.8180970001220703,0.4140625,1.9777499650500303e-05,0.7549282276630401,1787152.0,0.8607286067306995,0.14659685863874344,175,,,,,,,,,,,,
0.8342729187011719,0.421875,1.9602936856769432e-05,0.7407220868766308,2065464.0,0.86254783436656,0.16753926701570682,200,,,,,,,,,,,,
,,,,,,0.16753926701570682,200,0.5865022540092468,516.2073,1.331,1.331,0.6513631234956794,2065464.0,0.8807286808410933,,,,,
0.7656397247314453,0.625,1.9379439698006522e-05,0.6942020527273417,2325933.0,0.8710032568871975,0.18848167539267016,225,,,,,,,,,,,,
0.7112675476074218,0.419921875,1.9108147064502494e-05,0.6573135125637054,2581193.0,0.8770071341097355,0.2094240837696335,250,,,,,,,,,,,,
0.6922610473632812,0.46875,1.8790441401331848e-05,0.648745678588748,2839516.0,0.8784959034621715,0.23036649214659685,275,,,,,,,,,,,,
0.6838190460205078,0.431640625,1.8427941663729453e-05,0.6290357135236263,3094832.0,0.8806673274934291,0.2513089005235602,300,,,,,,,,,,,,
0.6743833160400391,0.447265625,1.802249506726575e-05,0.622349893078208,3344153.0,0.8826793266832829,0.27225130890052357,325,,,,,,,,,,,,
0.6874253082275391,0.375,1.7576167674859656e-05,0.6224230974540115,3609340.0,0.8810708335042,0.2931937172774869,350,,,,,,,,,,,,
0.6663459014892578,0.369140625,1.7091233868595465e-05,0.6151119288057089,3863177.0,0.88230677947402,0.31413612565445026,375,,,,,,,,,,,,
0.6389776229858398,0.390625,1.657016475999314e-05,0.5947118043154478,4108761.0,0.8858692947030068,0.33507853403141363,400,,,,,,,,,,,,
,,,,,,0.33507853403141363,400,0.512556254863739,516.2534,1.331,1.331,0.5613451486418167,4108761.0,0.8916958656373503,,,,,
0.6655785369873047,0.39453125,1.601561559779039e-05,0.5963590230047703,4358455.0,0.8846937820315361,0.35602094240837695,425,,,,,,,,,,,,
0.6564202880859376,0.44140625,1.5430412237403755e-05,0.59351851798594,4610057.0,0.8853204905986786,0.3769633507853403,450,,,,,,,,,,,,
0.6678054046630859,0.3984375,1.4817536741017153e-05,0.605230022892356,4873819.0,0.8831812466681004,0.39790575916230364,475,,,,,,,,,,,,
0.6884473419189453,0.546875,1.4180112181676549e-05,0.6219333666563034,5150432.0,0.8804942998290062,0.418848167539267,500,,,,,,,,,,,,
0.6653428649902344,0.37890625,1.3521386728825551e-05,0.597353970631957,5413699.0,0.884733448177576,0.4397905759162304,525,,,,,,,,,,,,
0.6311643600463868,0.41015625,1.284471709637851e-05,0.5804052130877971,5667520.0,0.8884499244391918,0.4607329842931937,550,,,,,,,,,,,,
0.6487902069091797,0.40234375,1.2153551437675821e-05,0.596820536479354,5925727.0,0.8842062601447105,0.4816753926701571,575,,,,,,,,,,,,
0.6245125579833984,0.4296875,1.1451411774484889e-05,0.583205666989088,6184812.0,0.8863214084506035,0.5026178010471204,600,,,,,,,,,,,,
,,,,,,0.5026178010471204,600,0.49481502175331116,516.4625,1.33,1.33,0.5464661151517773,6184812.0,0.8947592672649256,,,,,
0.6428664398193359,0.408203125,1.0741876049584523e-05,0.595095274746418,6444738.0,0.8847198484838009,0.5235602094240838,625,,,,,,,,,,,,
0.6309372711181641,0.3984375,1.0028559894388681e-05,0.5800394978746772,6702392.0,0.8877627681195736,0.5445026178010471,650,,,,,,,,,,,,
0.6538053131103516,0.474609375,9.315098204517543e-06,0.6007365069538355,6973879.0,0.8828147979080677,0.5654450261780105,675,,,,,,,,,,,,
0.5935673141479492,0.484375,8.60512661720265e-06,0.5531289276108146,7219689.0,0.8932773211598396,0.5863874345549738,700,,,,,,,,,,,,
0.604010887145996,0.5234375,7.90226298491291e-06,0.5640576779097318,7471543.0,0.8907595460116863,0.6073298429319371,725,,,,,,,,,,,,
0.6296730041503906,0.50390625,7.210088939607709e-06,0.5758915648236871,7728002.0,0.8873392744362354,0.6282722513089005,750,,,,,,,,,,,,
0.6428407287597656,0.369140625,6.532131641561441e-06,0.5800193206965923,7984519.0,0.8870220372080803,0.6492146596858639,775,,,,,,,,,,,,
0.6189982223510743,0.435546875,5.871845805763229e-06,0.5666453517228365,8232887.0,0.8898318472504616,0.6701570680628273,800,,,,,,,,,,,,
,,,,,,0.6701570680628273,800,0.4879366159439087,516.2848,1.331,1.331,0.5360069586156584,8232887.0,0.8959204123356804,,,,,
0.6120380783081054,0.388671875,5.232596097481252e-06,0.5768492371961474,8487479.0,0.887638913989067,0.6910994764397905,825,,,,,,,,,,,,
0.6293850326538086,0.470703125,4.617639986699771e-06,0.5801769233494997,8751130.0,0.8865905271470547,0.7120418848167539,850,,,,,,,,,,,,
0.6354835891723633,0.39453125,4.030111148798776e-06,0.5881917253881693,9023183.0,0.8855618734657764,0.7329842931937173,875,,,,,,,,,,,,
0.633970069885254,0.392578125,3.4730034960625525e-06,0.5808671608567237,9278661.0,0.8875612322986126,0.7539267015706806,900,,,,,,,,,,,,
0.6466326141357421,0.412109375,2.9491559213889433e-06,0.5851443676650524,9544630.0,0.8856800106167794,0.774869109947644,925,,,,,,,,,,,,
0.6057658386230469,0.4609375,2.461237831941884e-06,0.5699714856594801,9796549.0,0.8886250060796738,0.7958115183246073,950,,,,,,,,,,,,
0.6523695373535157,0.43359375,2.011735546464365e-06,0.5987577390670776,10068649.0,0.8831643903255463,0.8167539267015707,975,,,,,,,,,,,,
0.6188179397583008,0.412109375,1.6029396255680307e-06,0.5709758657962084,10318076.0,0.8896558307111263,0.837696335078534,1000,,,,,,,,,,,,
,,,,,,0.837696335078534,1000,0.48707857728004456,515.8402,1.332,1.332,0.5350689014319596,10318076.0,0.8959583636628141,,,,,
,,,,,,0.837696335078534,1000,,,,,,,,41772.7935,0.46,0.029,1.7363510020836557e+17,0.7950801162719726
,,,,,,0.837696335078534,1000,0.48707857728004456,516.6185,1.33,1.33,0.5350689014319596,10318076.0,0.8959583636628141,,,,,
